kml_stop_name,lat,lon,route_refs,description_preview
AA YKPN,-7.786143,110.383474,1A|5A,1A _ Trans Jogja Tujuan / Destination => Demangan 5A _ Trans Jogja Tujuan / Destination => Demangan
Abu Bakar Ali,-7.789997,110.366368,1B,1B _ Trans Jogja Tujuan / Destination => Hotel Abadi
AM Sangaji - A,-7.775812,110.367982,2A,2A _ Trans Jogja Tujuan / Destination => Pasar Kranggan Timur
AM Sangaji - B,-7.777333,110.367723,2B,2B _ Trans Jogja Tujuan / Destination => Batas Kota Jll. Monjali - B
Ambarukmo - A,-7.783292,110.401786,1A|5B,1A _ Trans Jogja Tujuan / Destination => Gedung Wanita 5B _ Trans Jogja Tujuan / Destination => Gedung Wanita
Ambarukmo - B,-7.783186,110.402438,1A|5A,1A _ Trans Jogja Tujuan / Destination => Janti Selatan 5A _ Trans Jogja Tujuan / Destination => Janti Selatan
Among Rogo - A,-7.79846,110.384818,2A,2A _ Trans Jogja Tujuan / Destination => Mandala Krida - A
Among Rogo - B,-7.798493,110.384852,2B,2B _ Trans Jogja Tujuan / Destination => Makam Gajah - A
APMD - A,-7.791068,110.393349,4A,4A _ Trans Jogja Tujuan / Destination => Timoho - A
APMD - B,-7.791594,110.393248,4B,4B _ Trans Jogja Tujuan / Destination => UIN Sunan Kalijaga - B
Atakrib Jl. Magelang,-7.756425,110.362072,5A|9|L-1,5A _ Trans Jogja Tujuan / Destination => TVRI - A 9 _ Trans Jogja Tujuan / Destination => TVRI - A L-1 _ Trans Jogja Tujuan / Destination => TVRI - A
Babarsari - A,-7.77397,110.412218,1B|5A,1B _ Trans Jogja Tujuan / Destination => Kledokan 5A _ Trans Jogja Tujuan / Destination => STIE YKPN - A
Babarsari - B,-7.77392,110.412099,5B,5B _ Trans Jogja Tujuan / Destination => Dishub DIY - B
Badran,-7.788092,110.357905,2B|3B|8|9|11|L-1,2B _ Trans Jogja Tujuan / Destination => SMPN 14 3B _ Trans Jogja Tujuan / Destination => SMPN 14 8 _ Trans Jogja Tujuan / Destination => SMPN 14 9 _ Trans Jogja Tujuan / Destination => SMPN 14 11 _ T
Bandara Adisujtipto,-7.784497,110.435712,1A|1B|3A|3B|5B|14,1A _ Trans Jogja ! -- BERANGKAT / DEPARTURE -- ! Tujuan / Destination => Makam Sorogenen 1A _ Trans Jogja Tujuan / Destination => Hyundai 1B _ Trans Jogja ! -- BERANGKAT / DEPARTURE -- ! Tujuan / Dest
Banguntapan - A,-7.807797,110.402165,2A|3A,2A _ Trans Jogja Tujuan / Destination => Gembira Loka - B 3A _ Trans Jogja Tujuan / Destination => JEC
Banguntapan - B,-7.807293,110.402209,2B|3B,2B _ Trans Jogja Tujuan / Destination => Poltekkes BSI 3B _ Trans Jogja Tujuan / Destination => Poltekkes BSI
Basen,-7.819092,110.395105,2B,2B _ Trans Jogja Tujuan / Destination => Perintis Kemerdekaan - B
Batas Kota Jl. Monjali - A,-7.770487,110.368565,2A,2A _ Trans Jogja Tujuan / Destination => AM Sangaji - A
Batas Kota Jll. Monjali - B,-7.770645,110.368487,2B,2B _ Trans Jogja Tujuan / Destination => Karangjati - B
Bayeman - A,-7.800346,110.337185,10,10 _ Trans Jogja Tujuan / Destination => Eks Hotel Nataputra
Bayeman - B,-7.800401,110.337026,10,10 _ Trans Jogja Tujuan / Destination => Pelem Gurih - B
Bhayangkara,-7.799309,110.362097,3B|8|L-1,3B _ Trans Jogja Tujuan / Destination => Pasar Pathuk 8 _ Trans Jogja Tujuan / Destination => Pasar Pathuk L-1 _ Trans Jogja Tujuan / Destination => Pasar Pathuk
Binamarga,-7.774443,110.430699,3B|14,3B _ Trans Jogja Tujuan / Destination => Maguwo Sambilegi 14 _ Trans Jogja Tujuan / Destination => Maguwo Sambilegi
Biologi UGM,-7.765289,110.376905,3A|4B|12,3A _ Trans Jogja Tujuan / Destination => RS Sardjito - A 4B _ Trans Jogja Tujuan / Destination => RS Sardjito - A 12 _ Trans Jogja Tujuan / Destination => RS Sardjito - A
BKD - A,-7.782465,110.356194,8|13,8 _ Trans Jogja Tujuan / Destination => Pasar Pingit - A 13 _ Trans Jogja Tujuan / Destination => Pasar Pingit - A
BKD - B,-7.782463,110.355865,8,8 _ Trans Jogja Tujuan / Destination => Mirota Godean - B
BKPM,-7.800372,110.40235,1B|3B,1B _ Trans Jogja Tujuan / Destination => Gembira Loka - B 3B _ Trans Jogja Tujuan / Destination => Banguntapan - B
Blok O,-7.797242,110.409909,1B|3A,1B _ Trans Jogja Tujuan / Destination => Janti Utara 3A _ Trans Jogja Tujuan / Destination => Janti Utara
Borobudur Plaza,-7.778838,110.362029,2B|5A,2B _ Trans Jogja Tujuan / Destination => SMKN 3 5A _ Trans Jogja Tujuan / Destination => SMKN 3
Boulevard UII,-7.687506,110.417273,12|14,12 _ Trans Jogja Tujuan / Destination => UII (Barat Jalan) 12 _ Trans Jogja Tujuan / Destination => UII (Timur Jalan) 14 _ Trans Jogja Tujuan / Destination => UII (Barat Jalan) 14 _ Trans Jogja Tujuan
BPD Gamping,-7.801615,110.318669,6|10,6 _ Trans Jogja Tujuan / Destination => Park and Ride Gamping 10 _ Trans Jogja Tujuan / Destination => Park and Ride Gamping
BPD Kalasan,-7.778556,110.456056,1A,1A _ Trans Jogja Tujuan / Destination => Pasar Kalasan - B
BRI Bantul,-7.88199,110.332318,15,15 _ Trans Jogja Tujuan / Destination => SMPN 2 Bantul - A
Budi Mulia Dua - A,-7.74294,110.434193,14,14 _Trans Jogja Tujuan / Destination => Indomaret Pokoh Sambiroto - A
Budi Mulia Dua - B,-7.743195,110.434242,14,14 _Trans Jogja Tujuan / Destination => UNRIYO - B
Bulog,-7.784968,110.374708,2B|3A|4A|4B|5A|5B|11|13,2B _ Trans Jogja Tujuan / Destination => Kridsono 3A _ Trans Jogja Tujuan / Destination => Kridsono 4A _ Trans Jogja Tujuan / Destination => Kridsono 4B _ Trans Jogja Tujuan / Destination => Kridsono 
Cik Di Tiro,-7.782357,110.375104,2B|3A|4A|5A|11,2B _ Trans Jogja Tujuan / Destination => Bulog 3A _ Trans Jogja Tujuan / Destination => Bulog 4A _ Trans Jogja Tujuan / Destination => Bulog 5A _ Trans Jogja Tujuan / Destination => Bulog 11 _ Trans J
Cupuwatu,-7.778594,110.456174,1A,1A _ Trans Jogja Tujuan / Destination => KR - A
Daytrans Jl. Magelang,-7.756415,110.361995,5B|9|L-1,5B _ Trans Jogja Tujuan / Destination => Jogja City Mall - B 9 _ Trans Jogja Tujuan / Destination => Jogja City Mall - B L-1 _ Trans Jogja Tujuan / Destination => Jogja City Mall - B
De Britto,-7.783094,110.393893,1A|4A|5A,1A _ Trans Jogja Tujuan / Destination => Ambarukmo - B 4A _ Trans Jogja Tujuan / Destination => UIN Sunan Kalijaga - A 5A _ Trans Jogja Tujuan / Destination => Ambarukmo - B
Demak Ijo - A,-7.776496,110.332008,8,8 _ Trans Jogja Tujuan / Destination => Metro Nogotirto - A
Demak Ijo - B,-7.775782,110.332038,8,8 _ Trans Jogja Tujuan / Destination => Nogosaren
Demangan,-7.783048,110.388672,1A|4A|5A,1A _ Trans Jogja Tujuan / Destination => De Britto 4A _ Trans Jogja Tujuan / Destination => De Britto 5A _ Trans Jogja Tujuan / Destination => De Britto
Dentes Godean,-7.779783,110.34374,8|13,8 _ Trans Jogja Tujuan / Destination => Pasar Tlogorejo - B 13 _ Trans Jogja Tujuan / Destination => Pasar Tlogorejo - B
Diklat PU,-7.819036,110.395116,2A,2A _ Trans Jogja Tujuan / Destination => SMPN 9 - A
Diponegoro,-7.782886,110.362552,11,11 _ Trans Jogja Tujuan / Destination => Samsat
Dishub DIY - A,-7.777974,110.415027,1B|5A,1B _ Trans Jogja Tujuan / Destination => Babarsari - A 5A _ Trans Jogja Tujuan / Destination => Babarsari - A
Dishub DIY - B,-7.778035,110.415079,5B,5B _ Trans Jogja Tujuan / Destination => Mirota Babarsari
Disnakertrans - A,-7.769365,110.431166,3A|14,3A _ Trans Jogja Tujuan / Destination => Instiper - A 14 _ Trans Jogja Tujuan / Destination => SMKN 1 Depok - Jl. Raya Tajem - A
Disnakertrans - B,-7.767863,110.431485,14,14 _ Trans Jogja Tujuan / Destination => Selokan Mataram Maguwo
Dongkelan - A,-7.830195,110.353801,15,15 _ Trans Jogja Tujuan / Destination => Pasty - A
Dongkelan - B,-7.829192,110.35399,15,15 _ Trans Jogja Tujuan / Destination => Pasar Niten - B
Dr. Yap,-7.781218,110.375208,2A|3B|4A|5B|11,2A _ Trans Jogja Tujuan / Destination => SMPN 1 - A 3B _ Trans Jogja Tujuan / Destination => SMPN 1 - A 4A _ Trans Jogja Tujuan / Destination => SMPN 1 - A 5B _ Trans Jogja Tujuan / Destination => SMP
Druwo - A,-7.833874,110.366409,9,9 _ Trans Jogja Tujuan / Destination => Jogokariyan - A
Druwo - B,-7.833632,110.366603,9,9 _ Trans Jogja Tujuan / Destination => UAD Ring Road Selatan - B
Dukuh - A,-7.821686,110.355174,15,15 _ Trans Jogja Tujuan / Destination => Gereja Pugeran - A
Dukuh - B,-7.820927,110.355338,15,15 _ Trans Jogja Tujuan / Destination => Pasty - B
Dusun Kledokan - A,-7.672637,110.417366,12|14,12 _ Trans Jogja Tujuan / Destination => RS Panti Nugroho 14 _ Trans Jogja Tujuan / Destination => RS Panti Nugroho
Dusun Kledokan - B,-7.672726,110.417403,12|14,12 _ Trans Jogja Tujuan / Destination => Raminten - B 14 _ Trans Jogja Tujuan / Destination => Raminten - B
Dusun Ngawen,-7.744844,110.343879,8,8 _ Trans Jogja Tujuan / Destination => Westlake - A
Edotel Kalasan - A,-7.756754,110.482651,1A,1A _ Trans Jogja Tujuan / Destination => RS Bhayangkara - A
Edotel Kalasan - B,-7.756636,110.48261,1A,1A _ Trans Jogja Tujuan / Destination => Terminal Prambanan
Eks Bioskop Mataram,-7.79228,110.377912,2A,2A _ Trans Jogja Tujuan / Destination => Kridosono
Eks Hotel Nataputra,-7.800884,110.348902,10,10 _ Trans Jogja Tujuan / Destination => SMP Muh 3
Eks Menara Kopi - A,-7.789248,110.370131,6|8|10,6 _ Trans Jogja Tujuan / Destination => Kridosono 8 _ Trans Jogja Tujuan / Destination => Kridosono 10 _ Trans Jogja Tujuan / Destination => Kridosono
Eks Menara Kopi - B,-7.789395,110.370042,3A|8|13,3A _ Trans Jogja Tujuan / Destination => Malioboro 1 8 _ Trans Jogja Tujuan / Destination => Malioboro 1 13 _ Trans Jogja Tujuan / Destination => Malioboro 1
Eks Stasiun Bantul,-7.887393,110.329321,15,15 _ Trans Jogja Tujuan / Destination => Polres Bantul
Fisipol UGM - A,-7.775845,110.372503,5A,5A _Trans Jogja Tujuan / Destination => Kosudgama
Fisipol UGM - B,-7.775871,110.372529,5B,5B _Trans Jogja Tujuan / Destination => SMPN 6
FKG UGM - A,-7.771354,110.375119,3A|4B|5B|12,3A _ Trans Jogja Tujuan / Destination => Kopma UGM 4B _ Trans Jogja Tujuan / Destination => Kopma UGM 5B_ Trans Jogja Tujuan / Destination => Kopma UGM 12 _ Trans Jogja Tujuan / Destination => Kopma U
FKG UGM - B,-7.771477,110.375301,3B|4A|5A|12,3B _ Trans Jogja Tujuan / Destination => RS Sardjito - B 4A _ Trans Jogja Tujuan / Destination => RS Sardjito - B 5A _ Trans Jogja Tujuan / Destination => RS Sardjito - B 12 _ Trans Jogja Tujuan / Des
Flyover Lempuyangan,-7.790782,110.378018,2B|10,2B _ Trans Jogja Tujuan / Destination => SMP Kanisius Gayam - B 10 _ Trans Jogja Tujuan / Destination => SMP Kanisius Gayam - B
Galeria Mall,-7.782352,110.379319,4B,4B _ Trans Jogja Tujuan / Destination => Lembah UGM - B
Gambiran - A,-7.816892,110.391045,2A,2A _ Trans Jogja Tujuan / Destination => Perintis Kemerdekaan - A
Gambiran - B,-7.816977,110.390963,2B,2B _ Trans Jogja Tujuan / Destination => Veteran
Gardu PLN - A,-7.739255,110.392461,12,12 _Trans Jogja Tujuan / Destination => Simpang Palem Raya - A
Gardu PLN - B,-7.73878,110.392781,12,12 _ Trans Jogja Tujuan / Destination => Pasar Kolombo - B
Gedung Wanita,-7.783187,110.39271,1A|4B|5B,1A _ Trans Jogja Tujuan / Destination => LPP 4B _ Trans Jogja Tujuan / Destination => RRI Gejayan 5B _ Trans Jogja Tujuan / Destination => LPP
Gembira Loka - A,-7.802259,110.399966,1B|2B,1B _ Trans Jogja Tujuan / Destination => JEC 2B _ Trans Jogja Tujuan / Destination => Banguntapan - B
Gembira Loka - B,-7.802262,110.398804,1B|2A,1B _ Trans Jogja Tujuan / Destination => SGM Kusumanegara - B 2A _ Trans Jogja Tujuan / Destination => SGM Kusumanegara - B
Gereja Pugeran - A,-7.816599,110.355899,15,15 _ Trans Jogja Tujuan / Destination => Tejokusuman
Gereja Pugeran - B,-7.816422,110.355938,15,15 _ Trans Jogja Tujuan / Destination => Dukuh - B
GKJ Wirobrajan,-7.806221,110.350726,10,10 _ Trans Jogja Tujuan / Destination => Mualimin - A
Gudang SGM - A,-7.827155,110.389979,3A|3B|4A|4B,3A _ Trans Jogja Tujuan / Destination => Tegal Gendu - A 3B _ Trans Jogja Tujuan / Destination => Tegal Turi - B 4A _ Trans Jogja Tujuan / Destination => SMK Muh 3 4B _ Trans Jogja Tujuan / Destinatio
Gudang SGM - B,-7.827272,110.390043,3A|3B|4A|4B,3A _ Trans Jogja Tujuan / Destination => Pasar Giwangan - B 3B _ Trans Jogja Tujuan / Destination => Pasar Giwangan - B 4A _ Trans Jogja Tujuan / Destination => Pasar Giwangan - B 4B _ Trans Jogja Tuj
Hayam Wuruk - A,-7.795676,110.37263,4A,4A _ Trans Jogja Tujuan / Destination => Lempuyangan - A
Hayam Wuruk - B,-7.794608,110.372758,4B,4B _ Trans Jogja Tujuan / Destination => Pakualaman
Hokben Jakal - A,-7.757759,110.381951,3A|5A|12,3A _ Trans Jogja Tujuan / Destination => McD Jakal 5A _ Trans Jogja Tujuan / Destination => McD Jakal 12 _ Trans Jogja Tujuan / Destination => McD Jakal
Hokben Jakal - B,-7.757613,110.381947,3B|5B|12,3B _ Trans Jogja Tujuan / Destination => Kentungan 5B _ Trans Jogja Tujuan / Destination => Kentungan 12 _ Trans Jogja Tujuan / Destination => Superindo Jakal - A
Hotel Abadi,-7.790018,110.36324,1B,1B _ Trans Jogja Tujuan / Destination => Stasiun Yogyakarta
Hotel Andika Putera,-7.802066,110.351499,10,10 _ Trans Jogja Tujuan / Destination => Museum Bahari
Hotel Noola,-7.815675,110.368394,9,9 _ Trans Jogja Tujuan / Destination => Jogokariyan - B
Hotel Pramesthi,-7.82158,110.365385,11,11 _ Trans Jogja Tujuan / Destination => Ruba Graha - A
Hotel Utara - A,-7.780412,110.360941,9|L-1,9 _ Trans Jogja Tujuan / Destination => Samsat L-1 _ Trans Jogja Tujuan / Destination => Pasar Kranggan Selatan
Hotel Utara - B,-7.780414,110.360885,2B|9|L-1,2B _ Trans Jogja Tujuan / Destination => Borobudur Plaza 9 _ Trans Jogja Tujuan / Destination => Kricak L-1 _ Trans Jogja Tujuan / Destination => Kricak
Hotel Vidi,-7.761786,110.380208,3B|5B|12,3B _ Trans Jogja Tujuan / Destination => Hokben Jakal - B 5B _ Trans Jogja Tujuan / Destination => Hokben Jakal - B 12 _ Trans Jogja Tujuan / Destination => Hokben Jakal - B
Hyundai,-7.783518,110.428348,1A|1B|3B|5B,1A _ Trans Jogja Tujuan / Destination => Jayakarta 1B _ Trans Jogja Tujuan / Destination => Jayakarta 3B _ Trans Jogja Tujuan / Destination => Jayakarta 5B _ Trans Jogja Tujuan / Destination => Jayaka
Indogrosir,-7.750821,110.362351,5A|9|L-1,5A _ Trans Jogja Tujuan / Destination => Jogja City Mall - A 9 _ Trans Jogja Tujuan / Destination => Jogja City Mall - A L-1 _ Trans Jogja Tujuan / Destination => Jogja City Mall - A
Indomaret Klajuran - A,-7.772253,110.31175,13,13 _ Trans Jogja Tujuan / Destination => Simpang Gesikan - A
Indomaret Klajuran - B,-7.772338,110.311807,13,13 _ Trans Jogja Tujuan / Destination => Neutron Godean - B
Indomaret Pokoh Sambiroto - A,-7.735554,110.434613,14,14 _Trans Jogja Tujuan / Destination => Kantor Kal. Wedomartani - A
Indomaret Pokoh Sambiroto - B,-7.736078,110.434618,14,14 _Trans Jogja Tujuan / Destination => Budi Mulia Dua - B
Instiper - A,-7.764459,110.423632,3A,3A _ Trans Jogja Tujuan / Destination => Polsek Depok Timur - A
Instiper - B,-7.764322,110.423537,3B,3B _ Trans Jogja Tujuan / Destination => SMKN 1 Depok - Ring Road Utara
Janti Selatan,-7.785772,110.410482,1A|5A|5B,1A _ Trans Jogja Tujuan / Destination => Ambarukmo - A 1A _ Trans Jogja Tujuan / Destination => Janti Utara 5A _ Trans Jogja Tujuan / Destination => Janti Utara 5B _ Trans Jogja Tujuan / Destination =
Janti Utara,-7.783211,110.411672,1A|1B|3A|5A,1A _ Trans Jogja Tujuan / Destination => Mirota Babarsari 1B _ Trans Jogja Tujuan / Destination => Sahid J-Walk 1B _ Trans Jogja Tujuan / Destination => Mirota Babarsari 3A _Trans Jogja Tujuan / Desti
Jayakarta,-7.783404,110.419409,1A|1B|3B|5B,1A _ Trans Jogja Tujuan / Destination => Janti Selatan 1B _ Trans Jogja Tujuan / Destination => Janti Utara 3B _ Trans Jogja Tujuan / Destination => Pasar Angkasa 5B _ Trans Jogja Tujuan / Destination
JEC,-7.798586,110.402922,1B|3A,1B _ Trans Jogja Tujuan / Destination => Blok O 3A _ Trans Jogja Tujuan / Destination => Blok O
Jend. Sudirman - A,-7.782988,110.36955,1A|11,1A _ Trans Jogja Tujuan / Destination => Mangkubumi 1 11 _ Trans Jogja Tujuan / Destination => Diponegoro
Jend. Sudirman - B,-7.782878,110.368823,3B|13,3B _ Trans Jogja Tujuan / Destination => Dr. Yap 13 _ Trans Jogja Tujuan / Destination => Kridosono
Jl. Mataram,-7.794209,110.36806,1A|1B|6|10|15,1A _ Trans Jogja Tujuan / Destination => Teras 2 1B _ Trans Jogja Tujuan / Destination => Teras 2 6 _ Trans Jogja Tujuan / Destination => Teras 2 10 _ Trans Jogja Tujuan / Destination => Teras 2 10 _ 
Jl. Raya Kabunan - A,-7.713204,110.442836,14,14 _Trans Jogja Tujuan / Destination => RS Kemasan - A
Jl. Raya Kabunan - B,-7.714561,110.441917,14,14 _Trans Jogja Tujuan / Destination => Simpang Kabunan - B
Jl. Suroto,-7.784524,110.374671,5B,5B _ Trans Jogja Tujuan / Destination => Dr. Yap
Jlagran,-7.789467,110.358868,1B|3B|8|L-1,1B _ Trans Jogja Tujuan / Destination => Letjen Suprapto 3B _ Trans Jogja Tujuan / Destination => Badran 8 _ Trans Jogja Tujuan / Destination => Mirota Godean - B L-1 _ Trans Jogja Tujuan / Destinatio
Jogja City Mall - A,-7.753296,110.36222,5A|9|L-1,5A _ Trans Jogja Tujuan / Destination => Atakrib Jl. Magelang 9 _ Trans Jogja Tujuan / Destination => Atakrib Jl. Magelang L-1 _ Trans Jogja Tujuan / Destination => Atakrib Jl. Magelang
Jogja City Mall - B,-7.753082,110.362158,5B|9|L-1,5B _ Trans Jogja Tujuan / Destination => MMTC Yogyakarta 9 _ Trans Jogja Tujuan / Destination => MMTC Yogyakarta L-1 _ Trans Jogja Tujuan / Destination => MMTC Yogyakarta
Jogjatronik,-7.806218,110.369302,2A,2A _ Trans Jogja Tujuan / Destination => Purawisata - A
Jogokariyan - A,-7.82335,110.367736,9|11,9 _ Trans Jogja Tujuan / Destination => Jokteng Wetan 11 _ Trans Jogja Tujuan / Destination => Hotel Pramesthi
Jogokariyan - B,-7.82325,110.367813,9|11,9 _ Trans Jogja Tujuan / Destination => Druwo - B 11 _ Trans Jogja Tujuan / Destination => Pasar Telo - B
Jokteng Kulon,-7.813247,110.357346,3A|9|11,3A _ Trans Jogja Tujuan / Destination => Plengkung Gading - A 9 _ Trans Jogja Tujuan / Destination => Plengkung Gading - A 11 _ Trans Jogja Tujuan / Destination => Suryodiningratan - B
Jokteng Wetan,-7.814656,110.367221,3B|9,3B _ Trans Jogja Tujuan / Destination => Plengkung Gading - B 9 _ Trans Jogja Tujuan / Destination => Plengkung Gading - B
Kantor Kal. Pendowoharjo - A,-7.86337,110.339522,15,15 _ Trans Jogja Tujuan / Destination => Kantor Kesbangpol - A
Kantor Kal. Pendowoharjo - B,-7.863685,110.339503,15,15 _ Trans Jogja Tujuan / Destination => SMPN 2 Bantul - B
Kantor Kal. Sidoarum - A,-7.775581,110.325369,13,13 _ Trans Jogja Tujuan / Destination => Toko Saerah - A
Kantor Kal. Sidoarum - B,-7.775609,110.325265,13,13 _ Trans Jogja Tujuan / Destination => Simpang Bantulan - B
Kantor Kal. Sukoharjo - A,-7.703843,110.425108,14,14 _Trans Jogja Tujuan / Destination => SDN Selomulyo - A
Kantor Kal. Sukoharjo - B,-7.703827,110.425229,14,14 _Trans Jogja Tujuan / Destination => Lap. Klidon - B
Kantor Kal. Wedomartani - A,-7.7315,110.434826,14,14 _Trans Jogja Tujuan / Destination => Simpang Babadan - A
Kantor Kal. Wedomartani - B,-7.7313,110.434873,14,14 _Trans Jogja Tujuan / Destination => Indomaret Pokoh Sambiroto - B
Kantor Kap. Bantul,-7.883543,110.331834,15,15 _ Trans Jogja Tujuan / Destination => Pasar Bantul - B
Kantor Kap. Godean - A,-7.769368,110.300242,13,13 _ Trans Jogja Tujuan / Destination => Simpang Mandungan (Iwak Kalen) - A
Kantor Kap. Godean - B,-7.769385,110.300143,13,13 _ Trans Jogja Tujuan / Destination => Pusat Kuliner Belut Godean
Kantor Kap. Ngaglik,-7.724102,110.401272,12,12 _ Trans Jogja Tujuan / Destination => Puskesmas Ngaglik - A
Kantor Kesbangpol - A,-7.856324,110.341402,15,15 _ Trans Jogja Tujuan / Destination => Simpang Kasongan - A
Kantor Kesbangpol - B,-7.856744,110.34138,15,15 _ Trans Jogja Tujuan / Destination => Kantor Kal. Pendowoharjo - B
Kantor Pos Demak Ijo - A,-7.778029,110.335961,8|13,8 _ Trans Jogja Tujuan / Destination => SDN 1 Demak Ijo - A 13 _ Trans Jogja Tujuan / Destination => SDN 1 Demak Ijo - A
Kantor Pos Demak Ijo - B,-7.778083,110.33598,8|13,8 _ Trans Jogja Tujuan / Destination => Metro Nogotirto - B 13 _ Trans Jogja Tujuan / Destination => Metro Nogotirto - B
Kanwil DJPb,-7.783304,110.423985,1A|1B|3A|5B,1A _ Trans Jogja Tujuan / Destination => Maguwo Sambilegi 1B _ Trans Jogja Tujuan / Destination => Maguwo Sambilegi 3A _ Trans Jogja Tujuan / Destination => Maguwo Sambilegi 5B _ Trans Jogja Tujuan / 
Karangjati - A,-7.764031,110.369243,2A,2A _ Trans Jogja Tujuan / Destination => Batas Kota Jll. Monjali - A
Karangjati - B,-7.764451,110.369153,2B,2B _ Trans Jogja Tujuan / Destination => SPBU Monjali - B
Karangwaru - A,-7.772261,110.361327,5A|9|L-1,5A _ Trans Jogja Tujuan / Destination => Borobudur Plaza 9 _ Trans Jogja Tujuan / Destination => Jogja City Mall - A L-1 _ Trans Jogja Tujuan / Destination => Jogja City Mall - A
Karangwaru - B,-7.771269,110.361309,5B|9|L-1,5B _ Trans Jogja Tujuan / Destination => TVRI- B 9 _ Trans Jogja Tujuan / Destination => TVRI- B L-1 _ Trans Jogja Tujuan / Destination => TVRI- B
Katamso,-7.802722,110.369215,2B,2B _ Trans Jogja Tujuan / Destination => Senopati - B
Kehutanan - A,-7.81957,110.401208,2A|3A,2A _ Trans Jogja Tujuan / Destination => Pilar 3A _ Trans Jogja Tujuan / Destination => Pilar
Kehutanan - B,-7.818107,110.401806,2B|3B,2B _ Trans Jogja Tujuan / Destination => SMPN 9 - B 3B _ Trans Jogja Tujuan / Destination => Pegadaian
Kentungan,-7.756098,110.384626,2B|3B|5B,2B _ Trans Jogja Tujuan / Destination => Terminal Condongcatur 3B _ Trans Jogja Tujuan / Destination => Terminal Condongcatur 5B _ Trans Jogja Tujuan / Destination => Terminal Condongcatur
KHA Dahlan - A,-7.801281,110.360133,2B|3A|6|8|10|13|15,2B _ Trans Jogja Tujuan / Destination => Ngabean 3A _ Trans Jogja Tujuan / Destination => Ngabean 6 _ Trans Jogja Tujuan / Destination => Ngabean 8 _ Trans Jogja Tujuan / Destination => Ngabean 10 _ T
KHA Dahlan - B,-7.801235,110.360624,1B|3B|6|8|10|15|EV2,1B _ Trans Jogja Tujuan / Destination => Taman Pintar 3B _ Trans Jogja Tujuan / Destination => Bhayangkara 6 _ Trans Jogja Tujuan / Destination => Taman Pintar 8 _ Trans Jogja Tujuan / Destination => 
KKP Yogyakarta,-7.782053,110.429895,3A|14,3A_ Trans Jogja Tujuan / Destination => Disnakertrans - A 14 _ Trans Jogja Tujuan / Destination => Disnakertrans - A
Kledokan,-7.778325,110.408542,1B,1B _ Trans Jogja Tujuan / Destination => Pasar Angkasa
Kompi Senapan-C,-7.777442,110.332936,8|13,8 _ Trans Jogja Tujuan / Destination => Demak Ijo - B 13 _ Trans Jogja Tujuan / Destination => Toko Saerah - B
Kopma UGM,-7.774326,110.375122,3A|4B|12,3A _ Trans Jogja Tujuan / Destination => SMPN 1 - B 4B _ Trans Jogja Tujuan / Destination => MAN 1 12 _ Trans Jogja Tujuan / Destination => Kosudgama
Koramil Godean - A,-7.771013,110.306856,13,13 _ Trans Jogja Tujuan / Destination => Polsek Godean - A
Koramil Godean - B,-7.771067,110.306813,13,13 _ Trans Jogja Tujuan / Destination => Simpang Mandungan (Iwak Kalen) - B
Kosudgama,-7.77617,110.37861,2A|12,2A _ Trans Jogja Tujuan / Destination => UNY Colombo 12 _ Trans Jogja Tujuan / Destination => UNY Colombo
Kotabaru,-7.78466,110.3714,11,11 _ Trans Jogja Tujuan / Destination => Jend. Sudirman - A
KPPN,-7.801101,110.384324,2A,2A _ Trans Jogja Tujuan / Destination => Among Rogo - A
KR - A,-7.781692,110.450503,1A,1A _ Trans Jogja Tujuan / Destination => Bandara Adisutjipto
KR - B,-7.782554,110.448723,1A,1A _ Trans Jogja Tujuan / Destination => BPD Kalasan
Kricak,-7.774326,110.361168,5B|9|L-1,5B _ Trans Jogja Tujuan / Destination => Karangwaru - B 9 _ Trans Jogja Tujuan / Destination => Karangwaru - B L-1 _ Trans Jogja Tujuan / Destination => Karangwaru - B
Kridosono,-7.787321,110.375367,1A|2A|2B|3A|4A|4B|5A|5B|8|10|11|13,1A _ Trans Jogja Tujuan / Destination => AA YKPN 2A _ Trans Jogja Tujuan / Destination => UKDW 2B _ Trans Jogja Tujuan / Destination => Lempuyangan 3A _ Trans Jogja Tujuan / Destination => Eks Menara 
KS Tubun,-7.798692,110.356412,1B,1B _ Trans Jogja Tujuan / Destination => Ngabean
KUA Depok - A,-7.755546,110.433793,14,14 _Trans Jogja Tujuan / Destination => MAN 2 Sleman - A
KUA Depok - B,-7.755474,110.433873,14,14 _Trans Jogja Tujuan / Destination => SDN 1 Depok - B
Lap. Karang - A,-7.822379,110.39653,3A,3A _ Trans Jogja Tujuan / Destination => SMA N 5
Lap. Karang - B,-7.822387,110.396598,3B,3B _ Trans Jogja Tujuan / Destination => Tegal Gendu - B
Lap. Kasihan - A,-7.824988,110.328143,6,6 _ Trans Jogja Tujuan / Destination => Tamantirto - A
Lap. Kasihan - B,-7.826238,110.328992,6,6 _ Trans Jogja Tujuan / Destination => Simpang Diklat DIY - B
Lap. Klidon - A,-7.704223,110.426571,14,14 _Trans Jogja Tujuan / Destination => Kantor Kal. Sukoharjo - A
Lap. Klidon - B,-7.704147,110.426465,14,14 _Trans Jogja Tujuan / Destination => SPBU Mindi - B
Lapas Wirogunan - A,-7.803958,110.378249,4A,4A _ Trans Jogja Tujuan / Destination => Pasar Sentul
Lapas Wirogunan - B,-7.804202,110.378246,4B,4B _ Trans Jogja Tujuan / Destination => STSRD Visi Tamansiswa
Lempuyangan,-7.790441,110.373639,2B|4B|10,2B _ Trans Jogja Tujuan / Destination => Stasiun Lempuyangan 4B _ Trans Jogja Tujuan / Destination => Hayam Wuruk - B 10 _ Trans Jogja Tujuan / Destination => Stasiun Lempuyangan
Letjen Suprapto,-7.790841,110.357437,1B,1B _ Trans Jogja Tujuan / Destination => SDN Gedong Tengen
Lowanu - A,-7.81702,110.376028,3A,3A_ Trans Jogja Tujuan / Destination => UNU
Lowanu - B,-7.816813,110.376025,3B,3B _ Trans Jogja Tujuan / Destination => Museum Perjuangan
LPP,-7.783111,110.386137,1A|4B|5B,1A _ Trans Jogja Tujuan / Destination => Superindo Urip Sumoharjo 4B _ Trans Jogja Tujuan / Destination => Superindo Urip Sumoharjo 5B _ Trans Jogja Tujuan / Destination => Superindo Urip Sumoharjo
Madukismo - A,-7.828778,110.344337,6,6 _ Trans Jogja Tujuan / Destination => Simpang Diklat DIY - A
Madukismo - B,-7.828476,110.344349,6,6 _ Trans Jogja Tujuan / Destination => SMAN 1 Kasihan - B
Maguwo Sambilegi,-7.783406,110.430989,1A|1B|3A|3B|5B|14|EV1,1A _ Trans Jogja Tujuan / Destination => Bandara Adisujtipto 1B _ Trans Jogja Tujuan / Destination => Bandara Adisujtipto 3A _ Trans Jogja Tujuan / Destination => Bandara Adisujtipto 3B _ Trans Jogja 
Makam Gajah - A,-7.801959,110.387464,1B|2B,1B _ Trans Jogja Tujuan / Destination => SGM Kusumanegara - A 2B _ Trans Jogja Tujuan / Destination => SGM Kusumanegara - A
Makam Gajah - B,-7.801994,110.387399,1B|2A,1B_ Trans Jogja Tujuan / Destination => Taman Makam Pahlawan - B 2A _ Trans Jogja Tujuan / Destination => KPPN
Makam Prajurit,-7.807423,110.387956,4A,4A _ Trans Jogja Tujuan / Destination => XT Square
Makam Sorogenen,-7.783441,110.441248,1A,1A _ Trans Jogja Tujuan / Destination => KR - B
Malioboro 1,-7.790849,110.366122,1A|2A|3A|6|8|10|13|15|L-1,1A _ Trans Jogja Tujuan / Destination => Malioboro 2 2A _ Trans Jogja Tujuan / Destination => Malioboro 2 3A _ Trans Jogja Tujuan / Destination => Malioboro 2 6 _ Trans Jogja Tujuan / Destination => M
Malioboro 2,-7.795219,110.365592,1A|2A|3A|6|8|10|13|15|L-1,1A _ Trans Jogja Tujuan / Destination => Malioboro 3 2A _ Trans Jogja Tujuan / Destination => Malioboro 3 3A _ Trans Jogja Tujuan / Destination => Malioboro 3 6 _ Trans Jogja Tujuan / Destination => M
Malioboro 3,-7.7999,110.364998,1A|2A|3A|6|8|10|13|15|L-1,1A _ Trans Jogja Tujuan / Destination => Taman Pintar 2A _ Trans Jogja Tujuan / Destination => Taman Pintar 3A _ Trans Jogja Tujuan / Destination => KHA Dahlan - A 6 _ Trans Jogja Tujuan / Destination
MAN 1,-7.777133,110.373921,4B,4B _ Trans Jogja Tujuan / Destination => PDIN
MAN 2 Sleman - A,-7.75038,110.434549,14,14 _Trans Jogja Tujuan / Destination => UNRIYO - A
MAN 2 Sleman - B,-7.750414,110.434589,14,14 _Trans Jogja Tujuan / Destination => KUA Depok - B
Mandala Krida - A,-7.797506,110.383219,2A,2A _ Trans Jogja Tujuan / Destination => SMP Kanisius Gayam - A
Mandala Krida - B,-7.797481,110.383346,2B,2B _ Trans Jogja Tujuan / Destination => Among Rogo - B
Manggung,-7.758049,110.386465,2A|3A|5A,2A _ Trans Jogja Tujuan / Destination => Monjali - B 3A _ Trans Jogja Tujuan / Destination => Hokben Jakal - A 5A _ Trans Jogja Tujuan / Destination => Hokben Jakal - A
Mangkubumi 1,-7.784763,110.366863,1A|2A|8|L-1,1A _ Trans Jogja Tujuan / Destination => Mangkubumi 2 2A _ Trans Jogja Tujuan / Destination => Mangkubumi 2 8 _ Trans Jogja Tujuan / Destination => Mangkubumi 2 L-1 _ Trans Jogja Tujuan / Destination 
Mangkubumi 2,-7.787674,110.3665,1A|2A|8|L-1,1A _ Trans Jogja Tujuan / Destination => Malioboro 1 2A _ Trans Jogja Tujuan / Destination => Malioboro 1 8 _ Trans Jogja Tujuan / Destination => Eks Menara Kopi - A L-1 _ Trans Jogja Tujuan / Destina
McD,-7.779392,110.34209,8|13,8 _ Trans Jogja Tujuan / Destination => Mirota Godean - A 13 _ Trans Jogja Tujuan / Destination => Mirota Godean - A
McD Jakal,-7.76278,110.379895,3A|5A|12,3A _ Trans Jogja Tujuan / Destination => Biologi UGM 5A _ Trans Jogja Tujuan / Destination => FKG UGM - B 12 _ Trans Jogja Tujuan / Destination => Biologi UGM
Metro Nogotirto - A,-7.777692,110.334364,8|13,8 _ Trans Jogja Tujuan / Destination => Kantor Pos Demak Ijo - A 13 _ Trans Jogja Tujuan / Destination => Kantor Pos Demak Ijo - A
Metro Nogotirto - B,-7.777731,110.334347,8|13,8 _ Trans Jogja Tujuan / Destination => Kompi Senapan-C 13 _ Trans Jogja Tujuan / Destination => Kompi Senapan-C
Mirota Babarsari,-7.78326,110.414843,1A|1B|3A|5B,1A _ Trans Jogja Tujuan / Destination => Transmart 1B _ Trans Jogja Tujuan / Destination => Transmart 3A _Trans Jogja Tujuan / Destination => Transmart 5B _ Trans Jogja Tujuan / Destination => Transma
Mirota Godean - A,-7.781082,110.349717,8|13,8 _ Trans Jogja Tujuan / Destination => BKD - A 13 _ Trans Jogja Tujuan / Destination => BKD - A
Mirota Godean - B,-7.781257,110.350373,8|13,8 _ Trans Jogja Tujuan / Destination => Dentes Godean 13 _ Trans Jogja Tujuan / Destination => Dentes Godean
MM UGM,-7.76502,110.377002,3B|4A|12,3B _ Trans Jogja Tujuan / Destination => Hotel Vidi 4A _ Trans Jogja Tujuan / Destination => Polsek Bulaksumur - A 12 _ Trans Jogja Tujuan / Destination => Hotel Vidi
MMTC Yogyakarta,-7.750655,110.362263,5B|9|L-1,5B _ Trans Jogja Tujuan / Destination => Terminal Jombor 9 _ Trans Jogja Tujuan / Destination => Terminal Jombor L-1 _ Trans Jogja Tujuan / Destination => Terminal Jombor
Monjali - A,-7.750564,110.367625,2A|2B|5B,2A _ Trans Jogja Tujuan / Destination => PDAM Monjali - A 2B _ Trans Jogja Tujuan / Destination => Kentungan 5B _ Trans Jogja Tujuan / Destination => PDAM Monjali - A
Monjali - B,-7.750797,110.36875,2A|2B|5A,2A _ Trans Jogja Tujuan / Destination => Terminal Jombor 2B _ Trans Jogja Tujuan / Destination => Terminal Jombor 5A _ Trans Jogja Tujuan / Destination => Terminal Jombor
Mualimin - A,-7.807875,110.350951,6|10,6 _ Trans Jogja Tujuan / Destination => Tejokusuman 10 _ Trans Jogja Tujuan / Destination => Tejokusuman
Mualimin - B,-7.808111,110.352263,6|10,6 _ Trans Jogja Tujuan / Destination => Pasar Legi - A 10 _ Trans Jogja Tujuan / Destination => SMA Muh 3
Museum Bahari,-7.800978,110.349279,10,10 _ Trans Jogja Tujuan / Destination => Bayeman - B
Museum Biologi,-7.801629,110.37415,1B|4A,1B _ Trans Jogja Tujuan / Destination => Senopati - B 4A _ Trans Jogja Tujuan / Destination => Hayam Wuruk - A
Museum Perjuangan,-7.815141,110.371858,2B|3B,2B _ Trans Jogja Tujuan / Destination => Purawisata - B 3B _ Trans Jogja Tujuan / Destination => Jokteng Wetan
Neutron Godean - A,-7.771875,110.310305,13,13 _ Trans Jogja Tujuan / Destination => Indomaret Klajuran - A
Neutron Godean - B,-7.771992,110.310489,13,13 _ Trans Jogja Tujuan / Destination => Polsek Godean - B
Ngabean,-7.803719,110.356236,1B|2B|3A|3B|6|8|9|10|11|13|15,1B _ Trans Jogja Tujuan / Destination => KHA Dahlan - B 2B _ Trans Jogja Tujuan / Destination => Pasar Serangann - A 3A _ Trans Jogja Tujuan / Destination => Tamansari 3B _ Trans Jogja Tujuan / Destin
Nitikan,-7.824797,110.379983,3B,3B _ Trans Jogja Tujuan / Destination => Widya Wiwaha - B
Nogosaren,-7.772096,110.33326,8,8 _ Trans Jogja Tujuan / Destination => Universitas Aisyiyah
Nyutran Tamansiswa,-7.810933,110.376957,4A,4A _ Trans Jogja Tujuan / Destination => Lapas Wirogunan - A
Olive Glagahsari,-7.804195,110.388758,4B,4B _ Trans Jogja Tujuan / Destination => SGM Kusumanegara - A
Pakualaman,-7.801649,110.375769,1B|4B,1B _ Trans Jogja Tujuan / Destination => Taman Makam Pahlawan - A 4B _ Trans Jogja Tujuan / Destination => Taman Makam Pahlawan - A
Pakuwon Mall - A,-7.758157,110.399478,3A|5A,3A _ Trans Jogja Tujuan / Destination => Terminal Condongcatur 5A _ Trans Jogja Tujuan / Destination => Terminal Condongcatur
Pakuwon Mall - B,-7.758039,110.398639,3B|5B,3B _ Trans Jogja Tujuan / Destination => RS JIH 5B _ Trans Jogja Tujuan / Destination => RS JIH
Pandeyan,-7.815783,110.386402,4B,4B _ Trans Jogja Tujuan / Destination => UTY Glagahsari - B
Park and Ride Gamping,-7.802454,110.314878,6|10,6 _ Trans Jogja ! -- BERANGKAT / DEPARTURE -- ! Tujuan / Destination => PKU Gamping 10 _ Trans Jogja ! -- BERANGKAT / DEPARTURE -- ! Tujuan / Destination => PKU Gamping
Pasar Angkasa,-7.791715,110.410169,1B|3B,1B _ Trans Jogja Tujuan / Destination => RS HArdjolukito 3B _ Trans Jogja Tujuan / Destination => RS HArdjolukito
Pasar Bantul - A,-7.885246,110.331045,15,15 _ Trans Jogja Tujuan / Destination => BRI Bantul
Pasar Bantul - B,-7.88512,110.331198,15,15 _ Trans Jogja Tujuan / Destination => Eks Stasiun Bantul
Pasar Demangan,-7.779526,110.3884,,4A - Trans Jogja Tujuan / Destination => Demangan
Pasar Gamping - A,-7.800627,110.323811,6|10,6 _ Trans Jogja Tujuan / Destination => Universitas BSI - B 10 _ Trans Jogja Tujuan / Destination => Pelem Gurih - A
Pasar Gamping - B,-7.800742,110.323551,6|10,6 _ Trans Jogja Tujuan / Destination => BPD Gamping 10 _ Trans Jogja Tujuan / Destination => BPD Gamping
Pasar Giwangan - A,-7.831511,110.390009,3A|3B|4A|4B,3A _ Trans Jogja Tujuan / Destination => Gudang SGM - A 3B _ Trans Jogja Tujuan / Destination => Gudang SGM - A 4A _ Trans Jogja Tujuan / Destination => Gudang SGM - A 4B _ Trans Jogja Tujuan / Destin
Pasar Giwangan - B,-7.832482,110.390199,3A|3B|4A|4B,3A _ Trans Jogja Tujuan / Destination => Terminal Giwangan 3B _ Trans Jogja Tujuan / Destination => Terminal Giwangan 4A _ Trans Jogja Tujuan / Destination => Terminal Giwangan 4B _ Trans Jogja Tujuan
Pasar Jangkang - A,-7.702111,110.447333,14,14 _Trans Jogja Tujuan / Destination => Puskesmas Ngemplak - A
Pasar Jangkang - B,-7.702046,110.447423,14,14 _Trans Jogja Tujuan / Destination => Simpang Kenti - B
Pasar Kalasan -  B,-7.769913,110.468993,1A,1A _ Trans Jogja Tujuan / Destination => RS Bhayangkara - B
Pasar Kalasan - A,-7.769382,110.469632,1A,1A _ Trans Jogja Tujuan / Destination => Cupuwatu
Pasar Kolombo - A,-7.745353,110.388874,12,12 _ Trans Jogja Tujuan / Destination => Gardu PLN - A
Pasar Kolombo - B,-7.744656,110.389318,12,12 _ Trans Jogja Tujuan / Destination => Superindo Jakal - B
Pasar Kranggan Selatan,-7.782845,110.365659,3B|8|11|13|L-1,3B _ Trans Jogja Tujuan / Destination => Jend. Sudirman - B 8 _ Trans Jogja Tujuan / Destination => Jend. Sudirman - B 11 _ Trans Jogja Tujuan / Destination => Jend. Sudirman - B 13 _ Trans Jogja Tuju
Pasar Kranggan Timur,-7.781839,110.367235,2A,2A _ Trans Jogja Tujuan / Destination => Mangkubumi 1
Pasar Legi - A,-7.809109,110.350094,6,6 _ Trans Jogja Tujuan / Destination => SMK Seni - A
Pasar Legi - B,-7.810946,110.349652,6,6 _ Trans Jogja Tujuan / Destination => Mualimin - A
Pasar Niten - A,-7.838792,110.350526,15,15 _ Trans Jogja Tujuan / Destination => Dongkelan - A
Pasar Niten - B,-7.838113,110.351179,15,15 _ Trans Jogja Tujuan / Destination => Simpang Kasongan - B
Pasar Pathuk,-7.795994,110.361866,3B|8|L-1,3B _ Trans Jogja Tujuan / Destination => Sosrowijayan 8 _ Trans Jogja Tujuan / Destination => Sosrowijayan L-1 _ Trans Jogja Tujuan / Destination => Sosrowijayan
Pasar Pingit - A,-7.782809,110.358762,8|13,8 _ Trans Jogja Tujuan / Destination => Pasar Kranggan Selatan 13 _ Trans Jogja Tujuan / Destination => Pasar Kranggan Selatan
Pasar Pingit - B,-7.782882,110.359101,8,8 _ Trans Jogja Tujuan / Destination => BKD - B
Pasar Sentul,-7.801717,110.37677,1B|4A,1B _ Trans Jogja Tujuan / Destination => Museum Biologi 4A _ Trans Jogja Tujuan / Destination => Museum Biologi
Pasar Sepeda,-7.816358,110.380364,2B|4A,2B _ Trans Jogja Tujuan / Destination => Museum Perjuangan 4A _ Trans Jogja Tujuan / Destination => Nyutran Tamansiswa
Pasar Serangan - A,-7.801112,110.354235,2B|9|11|13,2B _ Trans Jogja Tujuan / Destination => SMAN 1 - A 9 _ Trans Jogja Tujuan / Destination => SMAN 1 - A 11 _ Trans Jogja Tujuan / Destination => SMAN 1 - A 13 _ Trans Jogja Tujuan / Destination => SMAN
Pasar Serangan - B,-7.800998,110.353184,9|11,9 _ Trans Jogja Tujuan / Destination => Ngabean 11 _ Trans Jogja Tujuan / Destination => Ngabean
Pasar Telo - A,-7.824382,110.373324,11,11 _ Trans Jogja Tujuan / Destination => Jogokariyan - A
Pasar Telo - B,-7.825692,110.37347,11,11 _ Trans Jogja Tujuan / Destination => Wojo (Randubellang) - B
Pasar Tlogorejo - A,-7.778808,110.339471,8|13,8 _ Trans Jogja Tujuan / Destination => McD 13 _ Trans Jogja Tujuan / Destination => McD
Pasar Tlogorejo - B,-7.778812,110.339326,8|13,8 _ Trans Jogja Tujuan / Destination => SDN 1 Demak Ijo - B 13 _ Trans Jogja Tujuan / Destination => SDN 1 Demak Ijo - B
Pasty - A,-7.825689,110.354483,15,15 _ Trans Jogja Tujuan / Destination => Dukuh - A
Pasty - B,-7.825767,110.354505,15,15 _ Trans Jogja Tujuan / Destination => Dongkelan - B
PDAM Monjali - A,-7.75602,110.369905,2A|5B,2A _ Trans Jogja Tujuan / Destination => SPBU Monjali - A 5B _ Trans Jogja Tujuan / Destination => SPBU Monjali - A
PDAM Monjali - B,-7.755727,110.369861,2B|5A,2B _ Trans Jogja Tujuan / Destination => Monjali - B 5A _ Trans Jogja Tujuan / Destination => Monjali - B
PDIN,-7.782019,110.372528,4B,4B _ Trans Jogja Tujuan / Destination => Bulog
Pegadaian,-7.822774,110.400174,3B,3B _ Trans Jogja Tujuan / Destination => Lap. Karang - B
Pelem Gurih - A,-7.799896,110.330616,10,10 _ Trans Jogja Tujuan / Destination => Bayeman - A
Pelem Gurih - B,-7.799983,110.330738,10,10 _ Trans Jogja Tujuan / Destination => Pasar Gamping - B
Perintis Kemerdekaan - A,-7.818329,110.392283,2A,2A _ Trans Jogja Tujuan / Destination => Diklat PU
Perintis Kemerdekaan - B,-7.818311,110.391932,2B,2B _ Trans Jogja Tujuan / Destination => Gambiran - B
Perumahan Nogotirto,-7.763689,110.336155,8,8 _ Trans Jogja Tujuan / Destination => Demak Ijo - A
Pilar,-7.813484,110.402084,2A|3A,2A _ Trans Jogja Tujuan / Destination => Banguntapan - A 3A _ Trans Jogja Tujuan / Destination => Banguntapan - A
PKU Gamping,-7.80188,110.31679,6|10,6 _ Trans Jogja Tujuan / Destination => Pasar Gamping - A 10 _ Trans Jogja Tujuan / Destination => Pasar Gamping - A
Plaza UNY,-7.775144,110.38914,2A|12,2A _ Trans Jogja Tujuan / Destination => Santren 12 _ Trans Jogja Tujuan / Destination => Santren
Plengkung Gading - A,-7.814171,110.363901,3A|9,3A _ Trans Jogja Tujuan / Destination => Pujokusuman 9 _ Trans Jogja Tujuan / Destination => Hotel Noola
Plengkung Gading - B,-7.814256,110.364307,3B|9,3B _ Trans Jogja Tujuan / Destination => SMAN 7 9 _ Trans Jogja Tujuan / Destination => SMAN 7
Polres Bantul,-7.889805,110.326512,15,15 _ Trans Jogja Tujuan / Destination => Simpang Gose - B
Polsek Depok Timur - A,-7.762567,110.415507,3A,3A _ Trans Jogja Tujuan / Destination => UPN Veteran
Polsek Depok Timur - B,-7.762394,110.415258,3B,3B _ Trans Jogja Tujuan / Destination => Instiper - B
Polsek Godean - A,-7.771561,110.30907,13,13 _ Trans Jogja Tujuan / Destination => Neutron Godean - A
Polsek Godean - B,-7.771609,110.309006,13,13 _ Trans Jogja Tujuan / Destination => Koramil Godean - B
Poltekkes BSI,-7.814373,110.402114,2B|3B,2B _ Trans Jogja Tujuan / Destination => Kehutanan - B 3B _ Trans Jogja Tujuan / Destination => Kehutanan - B
Pramuka,-7.818518,110.387374,4A|4B,4A _ Trans Jogja Tujuan / Destination => Pasar Sepeda 4B _ Trans Jogja Tujuan / Destination => Pandeyan
Prayan - A,-7.763473,110.393585,2A|12,2A _ Trans Jogja Tujuan / Destination => SPBU Concat - A 12 _ Trans Jogja Tujuan / Destination => SPBU Concat - A
Prayan - B,-7.763576,110.393637,2B|12,2B _ Trans Jogja Tujuan / Destination => Susteran Novisiat 12 _ Trans Jogja Tujuan / Destination => Susteran Novisiat
Progo,-7.798033,110.369306,1A|1B|6|10|15,1A _ Trans Jogja Tujuan / Destination => Jl. Mataram 1B _ Trans Jogja Tujuan / Destination => Jl. Mataram 6 _ Trans Jogja Tujuan / Destination => Jl. Mataram 10 _ Trans Jogja Tujuan / Destination => J
Pujokusuman,-7.814821,110.37006,2A|3A,2A _ Trans Jogja Tujuan / Destination => STIE Kerjasama 3A _ Trans Jogja Tujuan / Destination => Lowanu - A
Purawisata - A,-7.80877,110.369129,2A,2A _ Trans Jogja Tujuan / Destination => SDN Kintelan 1
Purawisata - B,-7.808122,110.3691,2B,2B _ Trans Jogja Tujuan / Destination => Katamso
Pusat Kuliner Belut Godean,-7.767618,110.293516,13,13 _ Trans Jogja ! -- BERANGKAT / DEPARTURE -- ! Tujuan / Destination => Kantor Kap. Godean - A
Puskesmas Ngaglik - A,-7.721894,110.402556,12,12 _ Trans Jogja Tujuan / Destination => SMPN 2 Ngaglik - A
Puskesmas Ngaglik - B,-7.722028,110.402523,12,12 _ Trans Jogja Tujuan / Destination => TK BIAS
Puskesmas Ngemplak - A,-7.702928,110.444678,14,14 _Trans Jogja Tujuan / Destination => Tugu Batas Desa Yapah - A
Puskesmas Ngemplak - B,-7.702951,110.444545,14,14 _Trans Jogja Tujuan / Destination => Pasar Jangkang - B
Raminten - A,-7.675976,110.417261,12|14,12 _ Trans Jogja Tujuan / Destination => Dusun Kledokan - A 14 _ Trans Jogja Tujuan / Destination => Dusun Kledokan - A
Raminten - B,-7.67615,110.417309,12|14,12 _ Trans Jogja Tujuan / Destination => Simpang Degolan - B 14 _ Trans Jogja Tujuan / Destination => Simpang Degolan - B
RRI Gejayan,-7.779508,110.388322,4B,4B _ Trans Jogja Tujuan / Destination => Plaza UNY
RS Bethesda,-7.783037,110.378017,1A|2A|4A|5B,1A _ Trans Jogja Tujuan / Destination => Jend. Sudirman - A 2A _ Trans Jogja Tujuan / Destination => Dr. Yap 4A _ Trans Jogja Tujuan / Destination => Dr. Yap 5B _ Trans Jogja Tujuan / Destination => B
RS Bhayangkara - A,-7.767202,110.47151,1A,1A _ Trans Jogja Tujuan / Destination => Pasar Kalasan - A
RS Bhayangkara - B,-7.766719,110.471743,1A,1A _ Trans Jogja Tujuan / Destination => Edotel Kalasan - B
RS Hardjolukito,-7.797367,110.41002,1B|3B,1B _ Trans Jogja Tujuan / Destination => Wonocatur 3B _ Trans Jogja Tujuan / Destination => Wonocatur
RS Hidayatullah,-7.815604,110.387793,2A,2A _ Trans Jogja Tujuan / Destination => Gambiran - A
RS JIH,-7.758875,110.403075,3B|5B,3B _ Trans Jogja Tujuan / Destination => Stikes Guna Bangsa 5B _ Trans Jogja Tujuan / Destination => Stikes Guna Bangsa
RS Kemasan - A,-7.713281,110.448042,14,14 _Trans Jogja Tujuan / Destination => Simpang Kenti - A
RS Kemasan - B,-7.713733,110.447797,14,14 _Trans Jogja Tujuan / Destination => Jl. Raya Kabunan - B
RS Panti Nugroho,-7.669267,110.417594,12|14,12 _ Trans Jogja Tujuan / Destination => Terminal Pakem 14 _ Trans Jogja Tujuan / Destination => Terminal Pakem
RS Panti Rapih,-7.776251,110.37822,2B|4A|12,2B _ Trans Jogja Tujuan / Destination => SMPN 1 - B 4A _ Trans Jogja Tujuan / Destination => SMPN 1 - B 12 _ Trans Jogja Tujuan / Destination => Vokasi UGM
RS Sardjito - A,-7.767817,110.374276,3A|4B|5B|12,3A _ Trans Jogja Tujuan / Destination => FKG UGM - A 4B _ Trans Jogja Tujuan / Destination => FKG UGM - A 5B_ Trans Jogja Tujuan / Destination => FKG UGM - A 12 _ Trans Jogja Tujuan / Destination => F
RS Sardjito - B,-7.767811,110.374213,3B|4A|5A|12,3B _ Trans Jogja Tujuan / Destination => MM UGM 4A _ Trans Jogja Tujuan / Destination => MM UGM 5A _ Trans Jogja Tujuan / Destination => Teknik UGM - A 12 _ Trans Jogja Tujuan / Destination => MM UGM
RSU Gramedika - A,-7.70113,110.416987,14,14 _Trans Jogja Tujuan / Destination => Simpang Besi Jakal - A
RSU Gramedika - B,-7.701092,110.416992,14,14 _Trans Jogja Tujuan / Destination => SDN Selomulyo - B
Ruba Graha - A,-7.820883,110.361994,11,11 _ Trans Jogja Tujuan / Destination => Suryodiningratan - A
Ruba Graha - B,-7.82089,110.362233,11,11 _ Trans Jogja Tujuan / Destination => Jogokariyan - B
Sahid J-Walk,-7.779567,110.414697,1B|5A,1B _ Trans Jogja Tujuan / Destination => Dishub DIY - A 5A _ Trans Jogja Tujuan / Destination => Dishub DIY - A
Samirono,-7.777646,110.387512,2B|12,2B _ Trans Jogja Tujuan / Destination => Kosudgama - B 12 _ Trans Jogja Tujuan / Destination => Kosudgama - B
Samsat,-7.787165,110.359764,9|11,9 _ Trans Jogja Tujuan / Destination => Saudagaran 11 _ Trans Jogja Tujuan / Destination => Saudagaran
Sanata Dharma,-7.775083,110.389249,2B|12,2B _ Trans Jogja Tujuan / Destination => Samirono 4A - Trans Jogja Tujuan / Destination => Pasar Demangan 12 _ Trans Jogja Tujuan / Destination => Samirono
Santren,-7.766374,110.391976,2A|12,2A _ Trans Jogja Tujuan / Destination => Prayan - A 12 _ Trans Jogja Tujuan / Destination => Prayan - A
Saudagaran,-7.79251,110.353561,9|11,9 _ Trans Jogja Tujuan / Destination => SMAN 1 - B 11 _ Trans Jogja Tujuan / Destination => SMAN 1 - B
SD Unggulan Aisyiyah - A,-7.895077,110.324004,13,13 _ Trans Jogja Tujuan / Destination => Simpang Gose - A
SD Unggulan Aisyiyah - B,-7.895169,110.324034,13,13 _ Trans Jogja Tujuan / Destination => SMAN 1 Bantul - B
SDN 1 Demak Ijo - A,-7.778221,110.336809,8|13,8 _ Trans Jogja Tujuan / Destination => Pasar Tlogorejo - A 13 _ Trans Jogja Tujuan / Destination => Pasar Tlogorejo - A
SDN 1 Demak Ijo - B,-7.778267,110.336763,8|13,8 _ Trans Jogja Tujuan / Destination => Kantor Pos Demak Ijo - B 13 _ Trans Jogja Tujuan / Destination => Kantor Pos Demak Ijo - B
SDN 1 Depok -  A,-7.760761,110.43292,14,14 _Trans Jogja Tujuan / Destination => KUA Depok - A
SDN 1 Depok - B,-7.760914,110.432945,14,14 _Trans Jogja Tujuan / Destination => SMKN 1 Depok - Jl. Raya Tajem - B
SDN Gedong Tengen,-7.792655,110.356933,1B,1B _ Trans Jogja Tujuan / Destination => KS Tubun
SDN Kintelan 1,-7.812055,110.368901,2A,2A _ Trans Jogja Tujuan / Destination => Pujokusuman
SDN Percobaan 3 Pakem,-7.668404,110.417696,12|14,12 _ Trans Jogja Tujuan / Destination => SMPN 4 Pakem 14 _ Trans Jogja Tujuan / Destination => SMPN 4 Pakem
SDN Selomulyo - A,-7.702391,110.420716,14,14 _Trans Jogja Tujuan / Destination => RSU Gramedika - A
SDN Selomulyo - B,-7.702236,110.420449,14,14 _Trans Jogja Tujuan / Destination => Kantor Kal. Sukoharjo - B
Selokan Mataram Maguwo,-7.77096,110.431043,14,14 _ Trans Jogja Tujuan / Destination => Binamarga
Senopati,-7.801501,110.367038,2B,2B _ Trans Jogja Tujuan / Destination => KHA Dahlan - A
SGM Kusumanegara - A,-7.802084,110.393031,1B|2B|4B,1B _ Trans Jogja Tujuan / Destination => Gembira Loka - A 2B _ Trans Jogja Tujuan / Destination => Gembira Loka - A 4B _ Trans Jogja Tujuan / Destination => SMKN 5 - B
SGM Kusumanegara - B,-7.802162,110.393376,1B|2A|4A|10,1B _ Trans Jogja Tujuan / Destination => Makam Gajah - B 2A _ Trans Jogja Tujuan / Destination => Makam Gajah - B 4A _ Trans Jogja Tujuan / Destination => UTY Glagahsari - A 10 _ Trans Jogja Tujuan / 
Simpang Babadan - A,-7.723146,110.435469,14,14 _Trans Jogja Tujuan / Destination => Simpang Selomartani - A
Simpang Babadan - B,-7.723286,110.435436,14,14 _Trans Jogja Tujuan / Destination => Kantor Kal. Wedomartani - B
Simpang Bantulan - A,-7.774802,110.322299,13,13 _ Trans Jogja Tujuan / Destination => Kantor Kal. Sidoarum - A
Simpang Bantulan - B,-7.774601,110.321168,13,13 _ Trans Jogja Tujuan / Destination => Simpang Munggur - B
Simpang Besi Jakal - A,-7.70021,110.415388,12|14,12 _ Trans Jogja Tujuan / Destination => YAKKUM - A 14 _ Trans Jogja Tujuan / Destination => YAKKUM - A
Simpang Besi Jakal - B,-7.700218,110.415444,12|14,12 _ Trans Jogja Tujuan / Destination => Wedangan Kampoeng - B 14 _ Trans Jogja Tujuan / Destination => RSU Gramedika - B
Simpang Degolan - A,-7.684067,110.419171,12|14,12 _ Trans Jogja Tujuan / Destination => Raminten - A 14 _ Trans Jogja Tujuan / Destination => Raminten - A
Simpang Degolan - B,-7.684105,110.419206,12|14,12 _ Trans Jogja Tujuan / Destination => Boulevard UII 14 _ Trans Jogja Tujuan / Destination => Boulevard UII
Simpang Diklat DIY - A,-7.828797,110.332504,6,6 _ Trans Jogja Tujuan / Destination => Lapangan Kasihan - A
Simpang Diklat DIY - B,-7.828555,110.33163,6,6 _ Trans Jogja Tujuan / Destination => Madukismo - B
Simpang Gesikan - A,-7.773567,110.316446,13,13 _ Trans Jogja Tujuan / Destination => Simpang Munggur - A
Simpang Gesikan - B,-7.773664,110.31656,13,13 _ Trans Jogja Tujuan / Destination => Indomaret Klajuran - B
Simpang Gose - A,-7.891818,110.325388,15,15 _ Trans Jogja Tujuan / Destination => Tugu Adipura
Simpang Gose - B,-7.891926,110.325444,15,15 _ Trans Jogja Tujuan / Destination => SD Unggulan Aisyiyah - B
Simpang Kabunan - A,-7.71859,110.438559,14,14 _Trans Jogja Tujuan / Destination => Jl. Raya Kabunan - A
Simpang Kabunan - B,-7.719497,110.438232,14,14 _Trans Jogja Tujuan / Destination => Simpang Selomartani - B
Simpang Kasongan - A,-7.846332,110.344539,15,15 _ Trans Jogja Tujuan / Destination => Pasar Niten - A
Simpang Kasongan - B,-7.848624,110.343478,15,15 _ Trans Jogja Tujuan / Destination => Kantor Kesbangpol - B
Simpang Kenti - A,-7.703531,110.448079,14,14 _Trans Jogja Tujuan / Destination => Pasar Jangkang - A
Simpang Kenti - B,-7.703513,110.448106,14,14 _Trans Jogja Tujuan / Destination => RS Kemasan - B
Simpang Losari - A,-7.704851,110.433006,14,14 _Trans Jogja Tujuan / Destination => SPBU Mindi - A
Simpang Losari - B,-7.704804,110.433145,14,14 _Trans Jogja Tujuan / Destination => SMAN 2 Ngaglik - B
Simpang Mandungan (Iwak Kalen) - A,-7.770049,110.303015,13,13 _ Trans Jogja Tujuan / Destination => Koramil Godean - A
Simpang Mandungan (Iwak Kalen) - B,-7.770103,110.303,13,13 _ Trans Jogja Tujuan / Destination => Kantor Kap. Godean - B
Simpang Munggur - A,-7.77394,110.318355,13,13 _ Trans Jogja Tujuan / Destination => Simpang Bantulan - A
Simpang Munggur - B,-7.77398,110.318287,13,13 _ Trans Jogja Tujuan / Destination => Simpang Gesikan - B
Simpang Palem Raya - A,-7.730553,110.397561,12,12 _Trans Jogja Tujuan / Destination => Kantor Kap. Ngaglik
Simpang Palem Raya - B,-7.730433,110.397675,12,12 _ Trans Jogja Tujuan / Destination => Gardu PLN - B
Simpang Selomartani - A,-7.722328,110.438107,14,14 _Trans Jogja Tujuan / Destination => Simpang Kabunan - A
Simpang Selomartani - B,-7.722393,110.437974,14,14 _Trans Jogja Tujuan / Destination => Simpang Babadan - B
Simpang Wojo,-7.836372,110.373776,9,9 _ Trans Jogja Tujuan / Destination => Druwo - A
SMA Muh 3,-7.80673,110.350539,10,10 _ Trans Jogja Tujuan / Destination => Hotel Andika Putera
SMA N 5,-7.822557,110.399158,3A,3A _ Trans Jogja Tujuan / Destination => Kehutanan - A
SMAN 1 - A,-7.799353,110.352117,2B|9|11|13,2B _ Trans Jogja Tujuan / Destination => SMPN 11 9 _ Trans Jogja Tujuan / Destination => SMPN 11 11 _ Trans Jogja Tujuan / Destination => SMPN 11 13 _ Trans Jogja Tujuan / Destination => SMPN 11
SMAN 1 - B,-7.799113,110.352228,9|11,9 _ Trans Jogja Tujuan / Destination => Ngabean 11 _ Trans Jogja Tujuan / Destination => Ngabean
SMAN 1 Bantul - A,-7.897381,110.323024,15,15 _ Trans Jogja Tujuan / Destination => SD Unggulan Aisyiyah - A
SMAN 1 Bantul - B,-7.898173,110.32274,15,15 _ Trans Jogja Tujuan / Destination => Terminal Palbapang
SMAN 1 Kasihan - A,-7.818354,110.348232,6,6 _ Trans Jogja Tujuan / Destination => Madukismo - A
SMAN 1 Kasihan - B,-7.81833,110.348209,6,6 _ Trans Jogja Tujuan / Destination => SMK Seni - B
SMAN 2 Ngaglik - A,-7.704858,110.43501,14,14 _Trans Jogja Tujuan / Destination => Simpang Losari - A
SMAN 2 Ngaglik - B,-7.704814,110.43499,14,14 _Trans Jogja Tujuan / Destination => Timur Jembatan Yapah - B
SMAN 7,-7.813417,110.358131,3B|9|11,3B _ Trans Jogja Tujuan / Destination => Tejokusuman 9 _ Trans Jogja Tujuan / Destination => Tejokusuman 11 _ Trans Jogja Tujuan / Destination => Tejokusuman
SMK Muh 3,-7.822556,110.389664,4A|4B,4A _ Trans Jogja Tujuan / Destination => Pramuka 4B _ Trans Jogja Tujuan / Destination => Pramuka
SMK Seni - A,-7.814457,110.34899,6,6 _ Trans Jogja Tujuan / Destination => SMAN 1 Kasihan - A
SMK Seni - B,-7.815335,110.348779,6,6 _ Trans Jogja Tujuan / Destination => Pasar Legi - B
SMKN 1 Depok - Jl. Raya Tajem - A,-7.765242,110.431485,14,14 _Trans Jogja Tujuan / Destination => SDN 1 Depok - A
SMKN 1 Depok - Jl. Raya Tajem - B,-7.765254,110.431556,14,14 _Trans Jogja Tujuan / Destination => Disnakertrans - B
SMKN 1 Depok - Ring Road Utara,-7.766483,110.431103,3B,3B _ Trans Jogja Tujuan / Destination => Binamarga
SMKN 3,-7.777979,110.366828,2B|5A,2B _ Trans Jogja Tujuan / Destination => AM Sangaji - B 5A _ Trans Jogja Tujuan / Destination => Fisipol UGM - A
SMKN 5 - A,-7.800357,110.395063,4A|10,4A _ Trans Jogja Tujuan / Destination => SGM Kusumanegara - B 10 _ Trans Jogja Tujuan / Destination => SGM Kusumanegara - B
SMKN 5 - B,-7.800243,110.39451,4B,4B _ Trans Jogja Tujuan / Destination => Timoho - B
SMP Kanisius Gayam - A,-7.795822,110.377749,2A,2A _ Trans Jogja Tujuan / Destination => Eks Bioskop Mataram
SMP Kanisius Gayam - B,-7.795697,110.377784,2B|10,2B _ Trans Jogja Tujuan / Destination => Mandala Krida - B 10 _ Trans Jogja Tujuan / Destination => Jl. Mataram
SMP Muh 3,-7.802916,110.351402,10,10 _ Trans Jogja Tujuan / Destination => GKJ Wirobrajan
SMPN 1 - A,-7.777468,110.375811,2A|3B|4A|5B|11,2A _ Trans Jogja Tujuan / Destination => Kosudgama 3B _ Trans Jogja Tujuan / Destination => Vokasi UGM 4A _ Trans Jogja Tujuan / Destination => Vokasi UGM 5B _ Trans Jogja Tujuan / Destination => Fisi
SMPN 1 - B,-7.777807,110.37585,2B|3A|4A|5A|11,2B _ Trans Jogja Tujuan / Destination => Cik Di Tiro 3A _ Trans Jogja Tujuan / Destination => Cik Di Tiro 4A _ Trans Jogja Tujuan / Destination => Cik Di Tiro 5A _ Trans Jogja Tujuan / Destination => 
SMPN 11,-7.792973,110.353401,2B|9|11|13,2B _ Trans Jogja Tujuan / Destination => Badran 9 _ Trans Jogja Tujuan / Destination => Badran 11 _ Trans Jogja Tujuan / Destination => Badran 13 _ Trans Jogja Tujuan / Destination => Mirota Godean - 
SMPN 14,-7.786576,110.359987,2B|3B|8|9|11|L-1,2B _ Trans Jogja Tujuan / Destination => Hotel Utara - B 3B _ Trans Jogja Tujuan / Destination => Pasar Kranggan Selatan 8 _ Trans Jogja Tujuan / Destination => Pasar Pingit - B 9 _ Trans Jogja Tujuan
SMPN 2 Bantul - A,-7.874332,110.335823,15,15 _ Trans Jogja Tujuan / Destination => Kantor Kal. Pendowoharjo - A
SMPN 2 Bantul - B,-7.874908,110.335743,15,15 _ Trans Jogja Tujuan / Destination => Kantor Kap. Bantul
SMPN 2 Ngaglik - A,-7.715823,110.40604,12,12 _ Trans Jogja Tujuan / Destination => SPBU Kaliurang - A
SMPN 2 Ngaglik - B,-7.715972,110.406006,12,12 _ Trans Jogja Tujuan / Destination => Puskesmas Ngaglik - B
SMPN 4 Pakem,-7.669215,110.417642,12|14,12 _ Trans Jogja Tujuan / Destination => Dusun Kledokan - B 14 _ Trans Jogja Tujuan / Destination => Dusun Kledokan - B
SMPN 6,-7.778079,110.366993,5B,5B _ Trans Jogja Tujuan / Destination => Karangwaru - B
SMPN 9 - A,-7.819796,110.398023,2A,2A _ Trans Jogja Tujuan / Destination => Kehutanan - A
SMPN 9 - B,-7.819851,110.398031,2B,2B _ Trans Jogja Tujuan / Destination => Basen
Sosrowijayan,-7.79207,110.361618,3B|8|L-1,3B _ Trans Jogja Tujuan / Destination => Stasiun Yogyakarta 8 _ Trans Jogja Tujuan / Destination => Stasiun Yogyakarta L-1 _ Trans Jogja Tujuan / Destination => Stasiun Yogyakarta
SPBU Concat - A,-7.759985,110.394935,2A|12,2A _ Trans Jogja Tujuan / Destination => Terminal Condongcatur 12 _ Trans Jogja Tujuan / Destination => Terminal Condongcatur
SPBU Concat - B,-7.759677,110.395201,2B|12,2B _ Trans Jogja Tujuan / Destination => Prayan - B 12 _ Trans Jogja Tujuan / Destination => Prayan - B
SPBU Kaliurang - A,-7.710843,110.408906,12,12 _ Trans Jogja Tujuan / Destination => Wedangan Kampoeng - A
SPBU Kaliurang - B,-7.710957,110.408886,12,12 _ Trans Jogja Tujuan / Destination => SMPN 2 Ngaglik - B
SPBU Mindi - A,-7.704862,110.431029,14,14 _Trans Jogja Tujuan / Destination => Lap. Klidon - A
SPBU Mindi - B,-7.704813,110.431169,14,14 _Trans Jogja Tujuan / Destination => Simpang Losari - B
SPBU Monjali - A,-7.760138,110.369535,2A|5B,2A _ Trans Jogja Tujuan / Destination => Karangjati - A 5B _ Trans Jogja Tujuan / Destination => Teknik UGM - B
SPBU Monjali - B,-7.760151,110.369456,2B|5A,2B _ Trans Jogja Tujuan / Destination => PDAM Monjali - B 5A _ Trans Jogja Tujuan / Destination => PDAM Monjali - B
Stasiun Lempuyangan,-7.790246,110.377392,2B|4A|10,2B _ Trans Jogja Tujuan / Destination => Flyover Lempuyangan 4A _ Trans Jogja Tujuan / Destination => Tarumartani - A 10 _ Trans Jogja Tujuan / Destination => Tarumartani - A
Stasiun Yogyakarta,-7.789651,110.361724,1B|3B|8|EV3,1B _ Trans Jogja Tujuan / Destination => Jlagran 3B _ Trans Jogja Tujuan / Destination => Jlagran 8 _ Trans Jogja Tujuan / Destination => Jlagran EV3 _ Trans Jogja Tujuan / Destination => Jlagran
STIE Kerjasama,-7.816663,110.382853,2A|4B,2A _ Trans Jogja Tujuan / Destination => RS Hidayatullah 4B _ Trans Jogja Tujuan / Destination => UAD Jl. Pramuka
STIE YKPN - A,-7.767023,110.410413,5A,5A _ Trans Jogja Tujuan / Destination => UPN Veteran
STIE YKPN - B,-7.768445,110.410142,5B,5B _ Trans Jogja Tujuan / Destination => Babarsari - B
Stikes Guna Bangsa,-7.760772,110.408957,3B|5B,3B _ Trans Jogja Tujuan / Destination => Polsek Depok Timur - B 5B _ Trans Jogja Tujuan / Destination => STIE YKPN - B
STSRD Visi Tamansiswa,-7.813707,110.376536,4B,4B _ Trans Jogja Tujuan / Destination => STIE Kerjasama
Superindo Jakal - A,-7.752579,110.384644,12,12 _ Trans Jogja Tujuan / Destination => Pasar Kolombo - A
Superindo Jakal - B,-7.752641,110.384653,12,12 _ Trans Jogja Tujuan / Destination => Hokben Jakal - A
Superindo Urip Sumoharjo,-7.783094,110.382333,1A|4B|5B,1A _ Trans Jogja Tujuan / Destination => RS Bethesda 4B _ Trans Jogja Tujuan / Destination => Galeria Mall 5B _ Trans Jogja Tujuan / Destination => RS Bethesda
Suryodiningratan - A,-7.81846,110.362106,11,11 _ Trans Jogja Tujuan / Destination => SMAN 7
Suryodiningratan - B,-7.818522,110.362132,11,11 _ Trans Jogja Tujuan / Destination => Ruba Graha - B
Suryotomo,-7.79926,110.369312,1A|1B|6|10|15,1A _ Trans Jogja Tujuan / Destination => Progo 1B _ Trans Jogja Tujuan / Destination => Progo 6 _ Trans Jogja Tujuan / Destination => Progo 10 _ Trans Jogja Tujuan / Destination => Progo 15 _ Trans Jo
Susteran Novisiat,-7.76613,110.392154,2B|12,2B _ Trans Jogja Tujuan / Destination => Sanata Dharma 12 _ Trans Jogja Tujuan / Destination => Sanata Dharma
Taman Makam Pahlawan - A,-7.80184,110.383471,1B,1B _ Trans Jogja Tujuan / Destination => Makam Gajah - A
Taman Makam Pahlawan - B,-7.801843,110.382153,1B,1B _ Trans Jogja Tujuan / Destination => Pasar Sentul
Taman Pintar,-7.801416,110.367152,1A|1B|2A|6|10|15,1A _ Trans Jogja Tujuan / Destination => Suryotomo 1B _ Trans Jogja Tujuan / Destination => Museum Biologi 2A _ Trans Jogja Tujuan / Destination => Jogjatronik 6 _ Trans Jogja Tujuan / Destination => 
Tamansari,-7.809838,110.356008,3A|9|11|15,3A _ Trans Jogja Tujuan / Destination => Jokteng Kulon 9 _ Trans Jogja Tujuan / Destination => Jokteng Kulon 11 _ Trans Jogja Tujuan / Destination => Jokteng Kulon 15 _ Trans Jogja Tujuan / Destinatio
Tamantirto - A,-7.814469,110.32429,6,6 _ Trans Jogja Tujuan / Destination => UMY - A
Tamantirto - B,-7.816042,110.324271,6,6 _ Trans Jogja Tujuan / Destination => Universitas Alma Ata
Tarumartani - A,-7.790501,110.381988,10,10 _ Trans Jogja Tujuan / Destination => TNI AL - A
Tarumartani - B,-7.790535,110.381998,10,10 _ Trans Jogja Tujuan / Destination => Flyover Lempuyangan
Tegal Gendu - A,-7.826047,110.391763,3A,3A _ Trans Jogja Tujuan / Destination => Lap. Karang - A
Tegal Gendu - B,-7.825849,110.391365,3B,3B _ Trans Jogja Tujuan / Destination => Gudang SGM - B
Tegal Turi - A,-7.825394,110.387097,3A,3A_ Trans Jogja Tujuan / Destination => Gudang SGM - B
Tegal Turi - B,-7.825417,110.386933,3B,3B _ Trans Jogja Tujuan / Destination => Nitikan
Tejokusuman,-7.807916,110.356011,3B|6|9|10|11|15,3B _ Trans Jogja Tujuan / Destination => Ngabean 6 _ Trans Jogja Tujuan / Destination => Ngabean 9 _ Trans Jogja Tujuan / Destination => Ngabean 10 _ Trans Jogja Tujuan / Destination => Ngabean 11 _ T
Teknik UGM - A,-7.764241,110.374625,5A,5A _ Trans Jogja Tujuan / Destination => SPBU Monjali - B
Teknik UGM - B,-7.764118,110.374704,5B,5B _ Trans Jogja Tujuan / Destination => RS Sardjito - A
Teras 2,-7.791788,110.367586,1A|1B|6|10|15,1A _ Trans Jogja Tujuan / Destination => Eks Menara Kopi - A 1B _ Trans Jogja Tujuan / Destination => Abu Bakar Ali 6 _ Trans Jogja Tujuan / Destination => Malioboro 1 10 _ Trans Jogja Tujuan / Destin
Terminal Condongcatur,-7.756625,110.395875,2A|2B|3A|3B|5A|5B|12,2A _ Trans Jogja ! -- BERANGKAT / DEPARTURE -- ! Tujuan / Destination => Manggung 2B _ Trans Jogja ! -- BERANGKAT / DEPARTURE -- ! Tujuan / Destination => SPBU Concat - B 3A _ Trans Jogja Tujuan / Des
Terminal Giwangan,-7.834176,110.391835,3A|3B|4A|4B|9|11,3A _ Trans Jogja Tujuan / Destination => Pasar Giwangan - A 3B _ Trans Jogja ! -- BERANGKAT / DEPARTURE -- ! Tujuan / Destination => Pasar Giwangan - A 4A _ Trans Jogja ! -- BERANGKAT / DEPARTURE -- !
Terminal Jombor,-7.747405,110.361238,2A|2B|5A|5B|8|9|L-1,2A _ Trans Jogja Tujuan / Destination => Monjali - A 2B _ Trans Jogja Tujuan / Destination => Monjali - A 5A _ Trans Jogja ! -- BERANGKAT / DEPARTURE -- ! Tujuan / Destination => Indogrosir 5B _ Trans
Terminal Pakem,-7.666865,110.419988,12|14,12 _ Trans Jogja Tujuan / Destination => SDN Percobaan 3 Pakem 14 _ Trans Jogja Tujuan / Destination => SDN Percobaan 3 Pakem
Terminal Palbapang,-7.905322,110.318426,15,15 _ Trans Jogja ! -- BERANGKAT / DEPARTURE -- ! Tujuan / Destination = SMAN 1 Bantul - A
Terminal Prambanan,-7.755659,110.489817,1A,1A _ Trans Jogja Tujuan / Destination => Edotel Kalasan - A
Timoho - A,-7.795313,110.392821,4A|10,4A _ Trans Jogja Tujuan / Destination => SMKN 5 - A 10 _ Trans Jogja Tujuan / Destination => SMKN 5 - A
Timoho - B,-7.796829,110.392582,4B|10,4B _ Trans Jogja Tujuan / Destination => APMD - B 10 _ Trans Jogja Tujuan / Destination => TNI AL - B
Timur Jembatan Yapah - A,-7.705049,110.43919,14,14 _Trans Jogja Tujuan / Destination => SMAN 2 Ngaglik - A
Timur Jembatan Yapah - B,-7.705018,110.439302,14,14 _Trans Jogja Tujuan / Destination => Tugu Batas Desa Yapah - B
TK BIAS,-7.724227,110.401251,12,12 _ Trans Jogja Tujuan / Destination => Simpang Palem Raya - B
TNI AL - A,-7.792319,110.390949,10,10 _ Trans Jogja Tujuan / Destination => Timoho - A
TNI AL - B,-7.792567,110.392339,10,10 _ Trans Jogja Tujuan / Destination => Tarumartani - B
Toko Saerah - A,-7.776179,110.327786,13,13 _ Trans Jogja Tujuan / Destination => Metro Nogotirto - A
Toko Saerah - B,-7.776266,110.327865,13,13 _ Trans Jogja Tujuan / Destination => Kantor Kal. Sidoarum - B
Transmart,-7.783291,110.420174,1A|1B|3A|5B,1A _ Trans Jogja Tujuan / Destination => Kanwil DJJPb 1B _ Trans Jogja Tujuan / Destination => Kanwil DJJPb 3A _ Trans Jogja Tujuan / Destination => Kanwil DJJPb 5B _ Trans Jogja Tujuan / Destination 
Tugu Adipura,-7.889221,110.327038,15,15 _ Trans Jogja Tujuan / Destination => Pasar Bantul - A
Tugu Batas Desa Yapah - A,-7.703803,110.442614,14,14 _Trans Jogja Tujuan / Destination => Timur Jembatan Yapah - A
Tugu Batas Desa Yapah - B,-7.70374,110.442649,14,14 _Trans Jogja Tujuan / Destination => Puskesmas Ngemplak - B
TVRI - A,-7.765273,110.361649,5A|9|L-1,5A _ Trans Jogja Tujuan / Destination => Karangwaru - A 9 _ Trans Jogja Tujuan / Destination => Karangwaru - A L-1 _ Trans Jogja Tujuan / Destination => Karangwaru - A
TVRI- B,-7.765401,110.361593,5B|9|L-1,5B _ Trans Jogja Tujuan / Destination => Daytrans Jl. Magelang 9 _ Trans Jogja Tujuan / Destination => Daytrans Jl. Magelang L-1 _ Trans Jogja Tujuan / Destination => Daytrans Jl. Magelang
UAD Jl. Pramuka,-7.820567,110.388587,4A|4B,4A _ Trans Jogja Tujuan / Destination => Gudang SGM - B 4B _ Trans Jogja Tujuan / Destination => Gudang SGM - B
UAD Ring Road Selatan - A,-7.835134,110.38291,,9 _ Teman Bus / Trans Jogja Tujuan / Destination => Simpang Wojo 11 _ Teman Bus / Trans Jogja Tujuan / Destination => Wojo (Randubellang) - A
UAD Ring Road Selatan - B,-7.834921,110.383268,,9 _ Teman Bus / Trans Jogja Tujuan / Destination => Terminal Giwangan 11 _ Teman Bus / Trans Jogja Tujuan / Destination => Terminal Giwangan
UII (Barat Jalan),-7.687324,110.418778,12|14,12 _ Trans Jogja Tujuan / Destination => Simpang Degolan - A 14 _ Trans Jogja Tujuan / Destination => Simpang Degolan - A
UII (Timur Jalan),-7.68778,110.418805,12|14,12 _ Trans Jogja Tujuan / Destination => YAKKUM - B 14 _ Trans Jogja Tujuan / Destination => YAKKUM - B
UIN Sunan Kalijaga - A,-7.786192,110.394844,4A,4A _ Trans Jogja Tujuan / Destination => APMD - A
UIN Sunan Kalijaga - B,-7.785907,110.394784,4B,4B _ Trans Jogja Tujuan / Destination => Gedung Wanita
UKDW,-7.785524,110.378843,2A|4A,2A _ Trans Jogja Tujuan / Destination => RS Bethesda 4A _ Trans Jogja Tujuan / Destination => RS Bethesda
UMY - A,-7.810704,110.324509,6,6 _ Trans Jogja Tujuan / Destination => Universitas BSI - A
UMY - B,-7.810899,110.324572,6,6 _ Trans Jogja Tujuan / Destination => Tamantirto - B
Universitas Aisyiyah,-7.768221,110.334536,8,8 _ Trans Jogja Tujuan / Destination => Westlake - B
Universitas Alma Ata,-7.818408,110.324131,6,6 _ Trans Jogja Tujuan / Destination => Lapangan Kasihan - B
Universitas BSI - A,-7.802699,110.325181,6,6 _ Trans Jogja Tujuan / Destination => Pasar Gamping - B
Universitas BSI - B,-7.802875,110.325265,6,6 _ Trans Jogja Tujuan / Destination => UMY - B
UNRIYO - A,-7.74633,110.434167,14,14 _Trans Jogja Tujuan / Destination => Budi Mulia Dua - A
UNRIYO - B,-7.746301,110.434216,14,14 _Trans Jogja Tujuan / Destination => MAN 2 Sleman - B
UNU,-7.819767,110.376455,3A,3A_ Trans Jogja Tujuan / Destination => Widya Wiwaha - A
UNY Colombo,-7.777757,110.386689,2A|12,2A _ Trans Jogja Tujuan / Destination => Plaza UNY 12 _ Trans Jogja Tujuan / Destination => Plaza UNY
UPN Veteran,-7.760641,110.408133,3A|5A,3A _ Trans Jogja Tujuan / Destination => Pakuwon Mall - A 5A _ Trans Jogja Tujuan / Destination => Pakuwon Mall - A
UTY Glagahsari - A,-7.805533,110.388438,4A,4A _ Trans Jogja Tujuan / Destination => Makam Prajurit
UTY Glagahsari - B,-7.805672,110.388333,4B,4B _ Trans Jogja Tujuan / Destination => Olive Glagahsari
UTY Ring Road Utara - A,-7.747257,110.356575,8,8 _ Trans Jogja Tujuan / Destination => Dusun Ngawen
UTY Ring Road Utara - B,-7.747158,110.356516,8,8 _ Trans Jogja Tujuan / Destination => Terminal Jombor
Veteran,-7.815228,110.389139,2B,2B _ Trans Jogja Tujuan / Destination => XT Square
Vokasi UGM,-7.774525,110.374977,3B|4A|12,3B _ Trans Jogja Tujuan / Destination => FKG UGM - B 4A _ Trans Jogja Tujuan / Destination => FKG UGM - B 12 _ Trans Jogja Tujuan / Destination => FKG UGM - B
Wedangan Kampoeng - A,-7.702736,110.413581,12,12 _ Trans Jogja Tujuan / Destination => Simpang Besi Jakal - A
Wedangan Kampoeng - B,-7.702816,110.413572,12,12 _ Trans Jogja Tujuan / Destination => SPBU Kaliurang - B
Westlake - A,-7.749237,110.341112,8,8 _ Trans Jogja Tujuan / Destination => Perumahan Nogotirto
Westlake - B,-7.749627,110.34083,8,8 _ Trans Jogja Tujuan / Destination => UTY Ring Road Utara - B
Widya Wiwaha - A,-7.822717,110.377625,3A,3A_ Trans Jogja Tujuan / Destination => Wirosaban
Widya Wiwaha - B,-7.822606,110.377541,3B,3B _ Trans Jogja Tujuan / Destination => Lowanu - B
Wirosaban,-7.824776,110.379247,3A,3A_ Trans Jogja Tujuan / Destination => Tegal Turi - A
Wojo (Randubelang) - A,-7.831416,110.373919,,11 _ Teman Bus / Trans Jogja Tujuan / Destination => Pasar Telo - A
Wojo (Randubelang) - B,-7.830194,110.373848,,11 _ Teman Bus / Trans Jogja Tujuan / Destination => UAD Ring Road Selatan - B
Wonocatur,-7.798619,110.406405,1B|3B,1B _ Trans Jogja Tujuan / Destination => BKPM 3B _ Trans Jogja Tujuan / Destination => BKPM
XT Square,-7.81623,110.385973,2B|4A,2B _ Trans Jogja Tujuan / Destination => Pasar Sepeda 4A _ Trans Jogja Tujuan / Destination => UAD Jl. Pramuka
YAKKUM - A,-7.695592,110.418017,12|14,12 _ Trans Jogja Tujuan / Destination => Boulevard UII 14 _ Trans Jogja Tujuan / Destination => Boulevard UII
YAKKUM - B,-7.695489,110.418121,12|14,12 _ Trans Jogja Tujuan / Destination => Wedangan Kampoeng - B 14 _ Trans Jogja Tujuan / Destination => Simpang Besi Jakal - B
